{"cameraMode":{"drawMode":0,"name":"Shaded","section":"Shading Mode"},"sceneLighting":false,"audioPlay":false,"sceneViewState":{"showFog":true,"showMaterialUpdate":false,"showSkybox":false,"showFlares":true,"showImageEffects":true,"showParticleSystems":true},"in2DMode":false,"pivot":{"x":3.1336278915405275,"y":2.3128435611724855,"z":1.1102495193481446},"rotation":{"x":-0.03527398407459259,"y":-0.15083006024360658,"z":-0.005385400727391243,"w":0.9879155158996582},"size":6.846208095550537,"orthographic":false}