{"cameraMode":{"drawMode":0,"name":"Shaded","section":"Shading Mode"},"sceneLighting":false,"audioPlay":false,"sceneViewState":{"showFog":true,"showMaterialUpdate":false,"showSkybox":false,"showFlares":true,"showImageEffects":true,"showParticleSystems":true},"in2DMode":false,"pivot":{"x":16.53080177307129,"y":3.8094682693481447,"z":-0.18760395050048829},"rotation":{"x":-0.031169820576906205,"y":-0.03148433566093445,"z":-0.0009822577703744174,"w":0.9990176558494568},"size":9.331215858459473,"orthographic":false}