{"cameraMode":{"drawMode":0,"name":"Shaded","section":"Shading Mode"},"sceneLighting":false,"audioPlay":false,"sceneViewState":{"showFog":true,"showMaterialUpdate":false,"showSkybox":false,"showFlares":true,"showImageEffects":true,"showParticleSystems":true},"in2DMode":false,"pivot":{"x":-1.1299463510513306,"y":0.6888239979743958,"z":0.013615332543849945},"rotation":{"x":-0.6996331810951233,"y":0.18833434581756593,"z":0.6596546173095703,"w":0.19974865019321443},"size":1.5452344417572022,"orthographic":false}