{"cameraMode":{"drawMode":0,"name":"Shaded","section":"Shading Mode"},"sceneLighting":false,"audioPlay":false,"sceneViewState":{"showFog":true,"showMaterialUpdate":false,"showSkybox":false,"showFlares":true,"showImageEffects":true,"showParticleSystems":true},"in2DMode":false,"pivot":{"x":14.806925773620606,"y":0.06520462036132813,"z":-4.422989368438721},"rotation":{"x":0.02110028825700283,"y":0.9717073440551758,"z":-0.21505889296531678,"w":0.09533806145191193},"size":10.42907428741455,"orthographic":false}