{"cameraMode":{"drawMode":0,"name":"Shaded","section":"Shading Mode"},"sceneLighting":true,"audioPlay":false,"sceneViewState":{"showFog":true,"showMaterialUpdate":false,"showSkybox":true,"showFlares":true,"showImageEffects":true,"showParticleSystems":true},"in2DMode":false,"pivot":{"x":14.420663833618164,"y":14.322769165039063,"z":-9.928367614746094},"rotation":{"x":0.028807559981942178,"y":0.97119140625,"z":-0.1680213212966919,"w":0.16651248931884767},"size":116.31674194335938,"orthographic":false}