{"cameraMode":{"drawMode":0,"name":"Shaded","section":"Shading Mode"},"sceneLighting":false,"audioPlay":false,"sceneViewState":{"showFog":true,"showMaterialUpdate":false,"showSkybox":false,"showFlares":true,"showImageEffects":true,"showParticleSystems":true},"in2DMode":false,"pivot":{"x":-5.960464477539063e-8,"y":0.8587385416030884,"z":0.23705840110778809},"rotation":{"x":-0.04824518412351608,"y":0.8693177103996277,"z":-0.08661659061908722,"w":-0.4842073619365692},"size":4.7639288902282719,"orthographic":false}