{"cameraMode":{"drawMode":0,"name":"Shaded","section":"Shading Mode"},"sceneLighting":false,"audioPlay":false,"sceneViewState":{"showFog":true,"showMaterialUpdate":false,"showSkybox":false,"showFlares":true,"showImageEffects":true,"showParticleSystems":true},"in2DMode":false,"pivot":{"x":-10.055179595947266,"y":1.3093796968460084,"z":9.492712020874024},"rotation":{"x":-0.0868331640958786,"y":-0.26908546686172488,"z":0.024367643520236017,"w":-0.9588844180107117},"size":8.610962867736817,"orthographic":false}