{"cameraMode":{"drawMode":0,"name":"Shaded","section":"Shading Mode"},"sceneLighting":false,"audioPlay":false,"sceneViewState":{"showFog":true,"showMaterialUpdate":false,"showSkybox":false,"showFlares":true,"showImageEffects":true,"showParticleSystems":true},"in2DMode":false,"pivot":{"x":-2.2849435806274416,"y":1.1363120079040528,"z":-1.7989997863769532},"rotation":{"x":-0.02573825791478157,"y":0.5871602892875671,"z":-0.01868376135826111,"w":-0.8088456392288208},"size":6.901843547821045,"orthographic":false}