{"cameraMode":{"drawMode":0,"name":"Shaded","section":"Shading Mode"},"sceneLighting":false,"audioPlay":false,"sceneViewState":{"showFog":true,"showMaterialUpdate":false,"showSkybox":false,"showFlares":true,"showImageEffects":true,"showParticleSystems":true},"in2DMode":false,"pivot":{"x":7.8176045417785648,"y":3.155050277709961,"z":1.2781505584716797},"rotation":{"x":-0.016684185713529588,"y":-0.12176617234945297,"z":0.0020473080221563579,"w":-0.992416501045227},"size":16.49216651916504,"orthographic":false}