{"cameraMode":{"drawMode":0,"name":"Shaded","section":"Shading Mode"},"sceneLighting":false,"audioPlay":false,"sceneViewState":{"showFog":true,"showMaterialUpdate":false,"showSkybox":false,"showFlares":true,"showImageEffects":true,"showParticleSystems":true},"in2DMode":false,"pivot":{"x":-7.072985649108887,"y":4.370219707489014,"z":-11.604530334472657},"rotation":{"x":-0.0068158614449203018,"y":0.681179940700531,"z":-0.006341890431940556,"w":-0.7320569157600403},"size":18.033430099487306,"orthographic":false}