{"cameraMode":{"drawMode":0,"name":"Shaded","section":"Shading Mode"},"sceneLighting":false,"audioPlay":false,"sceneViewState":{"showFog":true,"showMaterialUpdate":false,"showSkybox":false,"showFlares":true,"showImageEffects":true,"showParticleSystems":true},"in2DMode":false,"pivot":{"x":-5.960464477539063e-7,"y":1.0407719612121583,"z":0.140436053276062},"rotation":{"x":-0.04824518412351608,"y":0.8693177103996277,"z":-0.08661659061908722,"w":-0.4842073619365692},"size":6.386345863342285,"orthographic":false}