{"cameraMode":{"drawMode":0,"name":"Shaded","section":"Shading Mode"},"sceneLighting":false,"audioPlay":false,"sceneViewState":{"showFog":true,"showMaterialUpdate":false,"showSkybox":false,"showFlares":true,"showImageEffects":true,"showParticleSystems":true},"in2DMode":false,"pivot":{"x":-2.608527898788452,"y":3.318866729736328,"z":4.416924476623535},"rotation":{"x":-0.030275985598564149,"y":-0.04405198246240616,"z":0.00133583415299654,"w":-0.9985694885253906},"size":19.77295684814453,"orthographic":false}