{"cameraMode":{"drawMode":0,"name":"Shaded","section":"Shading Mode"},"sceneLighting":false,"audioPlay":false,"sceneViewState":{"showFog":true,"showMaterialUpdate":false,"showSkybox":false,"showFlares":true,"showImageEffects":true,"showParticleSystems":true},"in2DMode":false,"pivot":{"x":-2.0265297889709474,"y":2.604975461959839,"z":0.4055490493774414},"rotation":{"x":0.034319568425416949,"y":0.460913747549057,"z":0.017841791734099389,"w":-0.8866015672683716},"size":10.785615921020508,"orthographic":false}