{"cameraMode":{"drawMode":0,"name":"Shaded","section":"Shading Mode"},"sceneLighting":false,"audioPlay":false,"sceneViewState":{"showFog":true,"showMaterialUpdate":false,"showSkybox":false,"showFlares":true,"showImageEffects":true,"showParticleSystems":true},"in2DMode":false,"pivot":{"x":0.05571770668029785,"y":-0.04568880796432495,"z":-0.02521514892578125},"rotation":{"x":0.06238429248332977,"y":0.9370209574699402,"z":-0.22514738142490388,"w":0.25963160395622256},"size":1.3438998460769654,"orthographic":false}