{"cameraMode":{"drawMode":0,"name":"Shaded","section":"Shading Mode"},"sceneLighting":false,"audioPlay":false,"sceneViewState":{"showFog":true,"showMaterialUpdate":false,"showSkybox":false,"showFlares":true,"showImageEffects":true,"showParticleSystems":true},"in2DMode":false,"pivot":{"x":-1.2973207235336304,"y":0.19263632595539094,"z":-0.06427551805973053},"rotation":{"x":-0.053008098155260089,"y":0.6606617569923401,"z":-0.04685971885919571,"w":-0.7473421692848206},"size":3.0730321407318117,"orthographic":false}