{"cameraMode":{"drawMode":0,"name":"Shaded","section":"Shading Mode"},"sceneLighting":false,"audioPlay":false,"sceneViewState":{"showFog":true,"showMaterialUpdate":false,"showSkybox":false,"showFlares":true,"showImageEffects":true,"showParticleSystems":true},"in2DMode":false,"pivot":{"x":-3.0803327560424806,"y":1.4232795238494874,"z":-0.032894134521484378},"rotation":{"x":-0.04751621186733246,"y":0.1782439798116684,"z":-0.00861749704927206,"w":-0.9828006625175476},"size":8.86341667175293,"orthographic":false}