{"cameraMode":{"drawMode":0,"name":"Shaded","section":"Shading Mode"},"sceneLighting":false,"audioPlay":false,"sceneViewState":{"showFog":true,"showMaterialUpdate":false,"showSkybox":false,"showFlares":true,"showImageEffects":true,"showParticleSystems":true},"in2DMode":false,"pivot":{"x":8.551276206970215,"y":3.6738781929016115,"z":15.230093002319336},"rotation":{"x":-0.037129491567611697,"y":0.32748934626579287,"z":-0.012880108319222927,"w":-0.9440372586250305},"size":19.77295684814453,"orthographic":false}