{"cameraMode":{"drawMode":0,"name":"Shaded","section":"Shading Mode"},"sceneLighting":false,"audioPlay":false,"sceneViewState":{"showFog":true,"showMaterialUpdate":false,"showSkybox":false,"showFlares":true,"showImageEffects":true,"showParticleSystems":true},"in2DMode":false,"pivot":{"x":14.122374534606934,"y":7.324809551239014,"z":13.747842788696289},"rotation":{"x":0.018861040472984315,"y":-0.18399792909622193,"z":-0.003531127003952861,"w":-0.9827393293380737},"size":35.214534759521487,"orthographic":false}