{"cameraMode":{"drawMode":0,"name":"Shaded","section":"Shading Mode"},"sceneLighting":false,"audioPlay":false,"sceneViewState":{"showFog":true,"showMaterialUpdate":false,"showSkybox":false,"showFlares":true,"showImageEffects":true,"showParticleSystems":true},"in2DMode":false,"pivot":{"x":-13.259827613830567,"y":2.811095714569092,"z":-6.837512016296387},"rotation":{"x":0.021387094631791116,"y":0.877089262008667,"z":0.03922352194786072,"w":-0.4782452881336212},"size":16.484045028686525,"orthographic":false}