{"cameraMode":{"drawMode":0,"name":"Shaded","section":"Shading Mode"},"sceneLighting":false,"audioPlay":false,"sceneViewState":{"showFog":true,"showMaterialUpdate":false,"showSkybox":false,"showFlares":true,"showImageEffects":true,"showParticleSystems":true},"in2DMode":false,"pivot":{"x":-1.5256214141845704,"y":3.1573543548583986,"z":17.295679092407228},"rotation":{"x":-0.0029164794832468035,"y":-0.472903847694397,"z":0.0015655581373721362,"w":-0.8811078667640686},"size":13.777538299560547,"orthographic":false}