{"cameraMode":{"drawMode":0,"name":"Shaded","section":"Shading Mode"},"sceneLighting":false,"audioPlay":false,"sceneViewState":{"showFog":true,"showMaterialUpdate":false,"showSkybox":false,"showFlares":true,"showImageEffects":true,"showParticleSystems":true},"in2DMode":false,"pivot":{"x":-2.4292306900024416,"y":3.0135152339935304,"z":3.8789892196655275},"rotation":{"x":-0.04882984980940819,"y":0.5851771235466003,"z":-0.03533477336168289,"w":-0.8086624145507813},"size":17.277507781982423,"orthographic":false}