{"cameraMode":{"drawMode":0,"name":"Shaded","section":"Shading Mode"},"sceneLighting":false,"audioPlay":false,"sceneViewState":{"showFog":true,"showMaterialUpdate":false,"showSkybox":false,"showFlares":true,"showImageEffects":true,"showParticleSystems":true},"in2DMode":false,"pivot":{"x":-2.9802322387695315e-8,"y":0.5173887014389038,"z":0.16561077535152436},"rotation":{"x":-0.04824518412351608,"y":0.8693177103996277,"z":-0.08661659061908722,"w":-0.4842073619365692},"size":2.867013931274414,"orthographic":false}