{"cameraMode":{"drawMode":0,"name":"Shaded","section":"Shading Mode"},"sceneLighting":false,"audioPlay":false,"sceneViewState":{"showFog":true,"showMaterialUpdate":false,"showSkybox":false,"showFlares":true,"showImageEffects":true,"showParticleSystems":true},"in2DMode":false,"pivot":{"x":-0.7252497673034668,"y":0.2257063388824463,"z":0.9368851184844971},"rotation":{"x":-0.10857322812080383,"y":0.5494747161865234,"z":-0.07228950411081314,"w":-0.8252658247947693},"size":4.158416271209717,"orthographic":false}