{"cameraMode":{"drawMode":0,"name":"Shaded","section":"Shading Mode"},"sceneLighting":false,"audioPlay":false,"sceneViewState":{"showFog":true,"showMaterialUpdate":false,"showSkybox":false,"showFlares":true,"showImageEffects":true,"showParticleSystems":true},"in2DMode":false,"pivot":{"x":-4.925412654876709,"y":6.924439907073975,"z":11.853029251098633},"rotation":{"x":0.060801491141319278,"y":-0.10668201744556427,"z":-0.006535816006362438,"w":-0.9924109578132629},"size":24.791000366210939,"orthographic":false}