{"cameraMode":{"drawMode":0,"name":"Shaded","section":"Shading Mode"},"sceneLighting":false,"audioPlay":false,"sceneViewState":{"showFog":true,"showMaterialUpdate":false,"showSkybox":false,"showFlares":true,"showImageEffects":true,"showParticleSystems":true},"in2DMode":false,"pivot":{"x":-0.01311752200126648,"y":0.1363811492919922,"z":-0.08019202947616577},"rotation":{"x":0.05185138061642647,"y":0.9480767846107483,"z":-0.21580418944358827,"w":0.22779488563537599},"size":1.2072646617889405,"orthographic":false}