{"cameraMode":{"drawMode":0,"name":"Shaded","section":"Shading Mode"},"sceneLighting":false,"audioPlay":false,"sceneViewState":{"showFog":true,"showMaterialUpdate":false,"showSkybox":false,"showFlares":true,"showImageEffects":true,"showParticleSystems":true},"in2DMode":false,"pivot":{"x":0.04798290133476257,"y":-0.17093992233276368,"z":-0.016933560371398927},"rotation":{"x":0.05185138061642647,"y":0.9480767846107483,"z":-0.21580418944358827,"w":0.22779488563537599},"size":1.2294901609420777,"orthographic":false}