{"cameraMode":{"drawMode":0,"name":"Shaded","section":"Shading Mode"},"sceneLighting":false,"audioPlay":false,"sceneViewState":{"showFog":true,"showMaterialUpdate":false,"showSkybox":false,"showFlares":true,"showImageEffects":true,"showParticleSystems":true},"in2DMode":false,"pivot":{"x":-0.5626749992370606,"y":-1.9919657707214356,"z":2.2252378463745119},"rotation":{"x":-0.20080071687698365,"y":-0.07689742743968964,"z":0.015812953934073449,"w":-0.9764813780784607},"size":17.91627311706543,"orthographic":false}