{"cameraMode":{"drawMode":0,"name":"Shaded","section":"Shading Mode"},"sceneLighting":false,"audioPlay":false,"sceneViewState":{"showFog":true,"showMaterialUpdate":false,"showSkybox":false,"showFlares":true,"showImageEffects":true,"showParticleSystems":true},"in2DMode":false,"pivot":{"x":0.0,"y":1.4660522937774659,"z":0.026229381561279298},"rotation":{"x":-0.04824518412351608,"y":0.8693177103996277,"z":-0.08661659061908722,"w":-0.4842073619365692},"size":8.822484970092774,"orthographic":false}