{"cameraMode":{"drawMode":0,"name":"Shaded","section":"Shading Mode"},"sceneLighting":false,"audioPlay":false,"sceneViewState":{"showFog":true,"showMaterialUpdate":false,"showSkybox":false,"showFlares":true,"showImageEffects":true,"showParticleSystems":true},"in2DMode":false,"pivot":{"x":0.0442662239074707,"y":0.12100635468959809,"z":-0.0673832893371582},"rotation":{"x":0.013856284320354462,"y":0.9737676978111267,"z":-0.0617314912378788,"w":0.218572199344635},"size":1.2415388822555543,"orthographic":false}