{"cameraMode":{"drawMode":0,"name":"Shaded","section":"Shading Mode"},"sceneLighting":false,"audioPlay":false,"sceneViewState":{"showFog":true,"showMaterialUpdate":false,"showSkybox":false,"showFlares":true,"showImageEffects":true,"showParticleSystems":true},"in2DMode":false,"pivot":{"x":-8.940696716308594e-8,"y":1.1149187088012696,"z":0.369157075881958},"rotation":{"x":-0.04824518412351608,"y":0.8693177103996277,"z":-0.08661659061908722,"w":-0.4842073619365692},"size":5.982956409454346,"orthographic":false}