{"cameraMode":{"drawMode":0,"name":"Shaded","section":"Shading Mode"},"sceneLighting":true,"audioPlay":false,"sceneViewState":{"showFog":true,"showMaterialUpdate":false,"showSkybox":true,"showFlares":true,"showImageEffects":true,"showParticleSystems":true},"in2DMode":false,"pivot":{"x":-1.150133490562439,"y":11.317594528198243,"z":-0.2111988067626953},"rotation":{"x":0.10808327794075012,"y":0.016397614032030107,"z":-0.0017830258002504707,"w":0.994005024433136},"size":29.273761749267579,"orthographic":false}