{"cameraMode":{"drawMode":0,"name":"Shaded","section":"Shading Mode"},"sceneLighting":false,"audioPlay":false,"sceneViewState":{"showFog":true,"showMaterialUpdate":false,"showSkybox":false,"showFlares":true,"showImageEffects":true,"showParticleSystems":true},"in2DMode":false,"pivot":{"x":-5.011000156402588,"y":0.8077566027641296,"z":1.0026451349258423},"rotation":{"x":-0.01904916577041149,"y":0.3900808095932007,"z":0.008072000928223133,"w":0.920548141002655},"size":3.344797372817993,"orthographic":false}