{"cameraMode":{"drawMode":0,"name":"Shaded","section":"Shading Mode"},"sceneLighting":false,"audioPlay":false,"sceneViewState":{"showFog":true,"showMaterialUpdate":false,"showSkybox":false,"showFlares":true,"showImageEffects":true,"showParticleSystems":true},"in2DMode":false,"pivot":{"x":0.27834779024124148,"y":1.107878565788269,"z":0.021556854248046876},"rotation":{"x":-0.0011866620043292642,"y":0.07823000848293305,"z":0.00009306865831604227,"w":0.9969346523284912},"size":7.696240425109863,"orthographic":false}