{"cameraMode":{"drawMode":0,"name":"Shaded","section":"Shading Mode"},"sceneLighting":false,"audioPlay":false,"sceneViewState":{"showFog":true,"showMaterialUpdate":false,"showSkybox":false,"showFlares":true,"showImageEffects":true,"showParticleSystems":true},"in2DMode":false,"pivot":{"x":-9.683436393737793,"y":2.975891590118408,"z":-0.8147292137145996},"rotation":{"x":-0.08978552371263504,"y":0.5360630750656128,"z":-0.057475440204143527,"w":-0.8374195694923401},"size":5.622554302215576,"orthographic":false}