{"cameraMode":{"drawMode":0,"name":"Shaded","section":"Shading Mode"},"sceneLighting":false,"audioPlay":false,"sceneViewState":{"showFog":true,"showMaterialUpdate":false,"showSkybox":false,"showFlares":true,"showImageEffects":true,"showParticleSystems":true},"in2DMode":false,"pivot":{"x":0.0474390983581543,"y":1.900651454925537,"z":0.0033968687057495119},"rotation":{"x":-0.09538610279560089,"y":0.44401004910469057,"z":-0.047605518251657489,"w":-0.8896573781967163},"size":2.37868595123291,"orthographic":false}