{"cameraMode":{"drawMode":0,"name":"Shaded","section":"Shading Mode"},"sceneLighting":false,"audioPlay":false,"sceneViewState":{"showFog":true,"showMaterialUpdate":false,"showSkybox":false,"showFlares":true,"showImageEffects":true,"showParticleSystems":true},"in2DMode":false,"pivot":{"x":-0.000007867813110351563,"y":0.8485056161880493,"z":0.2953047752380371},"rotation":{"x":-0.09538610279560089,"y":0.44401004910469057,"z":-0.047605518251657489,"w":-0.8896573781967163},"size":8.828775405883789,"orthographic":false}