{"cameraMode":{"drawMode":0,"name":"Shaded","section":"Shading Mode"},"sceneLighting":true,"audioPlay":false,"sceneViewState":{"showFog":true,"showMaterialUpdate":false,"showSkybox":true,"showFlares":true,"showImageEffects":true,"showParticleSystems":true},"in2DMode":false,"pivot":{"x":78.88604736328125,"y":-11.9288330078125,"z":-14.907364845275879},"rotation":{"x":-0.07854864001274109,"y":-0.7636773586273193,"z":0.09464811533689499,"w":-0.6337734460830689},"size":93.92981719970703,"orthographic":false}