{"cameraMode":{"drawMode":0,"name":"Shaded","section":"Shading Mode"},"sceneLighting":true,"audioPlay":false,"sceneViewState":{"showFog":true,"showMaterialUpdate":false,"showSkybox":true,"showFlares":true,"showImageEffects":true,"showParticleSystems":true},"in2DMode":false,"pivot":{"x":-0.1602191925048828,"y":-0.0006008148193359375,"z":49.334659576416019},"rotation":{"x":-0.15430711209774018,"y":-0.1305900365114212,"z":0.020579956471920015,"w":-0.9791384935379028},"size":54.23061752319336,"orthographic":false}