{"cameraMode":{"drawMode":0,"name":"Shaded","section":"Shading Mode"},"sceneLighting":false,"audioPlay":false,"sceneViewState":{"showFog":true,"showMaterialUpdate":false,"showSkybox":false,"showFlares":true,"showImageEffects":true,"showParticleSystems":true},"in2DMode":false,"pivot":{"x":-4.672524452209473,"y":5.049047470092773,"z":0.6111947298049927},"rotation":{"x":0.04998030513525009,"y":-0.8970245718955994,"z":-0.10515259951353073,"w":-0.4263705909252167},"size":2.7005980014801027,"orthographic":false}