{"cameraMode":{"drawMode":0,"name":"Shaded","section":"Shading Mode"},"sceneLighting":false,"audioPlay":false,"sceneViewState":{"showFog":true,"showMaterialUpdate":false,"showSkybox":false,"showFlares":true,"showImageEffects":true,"showParticleSystems":true},"in2DMode":false,"pivot":{"x":17.179819107055665,"y":-1.9718647003173829,"z":15.210163116455079},"rotation":{"x":-0.07995262742042542,"y":-0.5065093040466309,"z":0.04724236577749252,"w":-0.8572188019752502},"size":33.519615173339847,"orthographic":false}