{"cameraMode":{"drawMode":0,"name":"Shaded","section":"Shading Mode"},"sceneLighting":false,"audioPlay":false,"sceneViewState":{"showFog":true,"showMaterialUpdate":false,"showSkybox":false,"showFlares":true,"showImageEffects":true,"showParticleSystems":true},"in2DMode":false,"pivot":{"x":30.737812042236329,"y":5.391977310180664,"z":2.0908002853393556},"rotation":{"x":-0.024680359289050103,"y":0.7217522859573364,"z":0.025770273059606553,"w":0.6912311315536499},"size":39.47159194946289,"orthographic":false}