{"cameraMode":{"drawMode":0,"name":"Shaded","section":"Shading Mode"},"sceneLighting":false,"audioPlay":false,"sceneViewState":{"showFog":true,"showMaterialUpdate":false,"showSkybox":false,"showFlares":true,"showImageEffects":true,"showParticleSystems":true},"in2DMode":false,"pivot":{"x":-14.446911811828614,"y":2.8844308853149416,"z":0.6148008704185486},"rotation":{"x":-0.011084917932748795,"y":0.6896350979804993,"z":-0.010558998212218285,"w":-0.7239952087402344},"size":25.487071990966798,"orthographic":false}