{"cameraMode":{"drawMode":0,"name":"Shaded","section":"Shading Mode"},"sceneLighting":false,"audioPlay":false,"sceneViewState":{"showFog":true,"showMaterialUpdate":false,"showSkybox":false,"showFlares":true,"showImageEffects":true,"showParticleSystems":true},"in2DMode":false,"pivot":{"x":0.1826171875,"y":2.1334228515625,"z":1.4429931640625},"rotation":{"x":-0.011284533888101578,"y":-0.6593039035797119,"z":0.009881454519927502,"w":-0.7517269253730774},"size":6.9574432373046879,"orthographic":true}