{"cameraMode":{"drawMode":0,"name":"Shaded","section":"Shading Mode"},"sceneLighting":true,"audioPlay":false,"sceneViewState":{"showFog":true,"showMaterialUpdate":false,"showSkybox":true,"showFlares":true,"showImageEffects":true,"showParticleSystems":true},"in2DMode":false,"pivot":{"x":-0.9048677086830139,"y":-4.722696304321289,"z":0.49966809153556826},"rotation":{"x":-0.21465426683425904,"y":-0.6636075377464294,"z":0.2076866775751114,"w":-0.6858680248260498},"size":22.76219367980957,"orthographic":false}