{"cameraMode":{"drawMode":0,"name":"Shaded","section":"Shading Mode"},"sceneLighting":false,"audioPlay":false,"sceneViewState":{"showFog":true,"showMaterialUpdate":false,"showSkybox":false,"showFlares":true,"showImageEffects":true,"showParticleSystems":true},"in2DMode":false,"pivot":{"x":-1.7368258237838746,"y":-1.898329496383667,"z":-1.1489765644073487},"rotation":{"x":0.24862714111804963,"y":-0.2123478502035141,"z":-0.055964332073926929,"w":-0.9433774352073669},"size":1.429565191268921,"orthographic":false}