{"cameraMode":{"drawMode":0,"name":"Shaded","section":"Shading Mode"},"sceneLighting":true,"audioPlay":false,"sceneViewState":{"showFog":true,"showMaterialUpdate":false,"showSkybox":true,"showFlares":true,"showImageEffects":true,"showParticleSystems":true},"in2DMode":false,"pivot":{"x":1012.5419311523438,"y":526.7477416992188,"z":18.440185546875},"rotation":{"x":0.11784888058900833,"y":0.033356379717588428,"z":0.003960864618420601,"w":-0.9924632906913757},"size":2457.60986328125,"orthographic":false}