{"cameraMode":{"drawMode":0,"name":"Shaded","section":"Shading Mode"},"sceneLighting":false,"audioPlay":false,"sceneViewState":{"showFog":true,"showMaterialUpdate":false,"showSkybox":false,"showFlares":true,"showImageEffects":true,"showParticleSystems":true},"in2DMode":false,"pivot":{"x":-0.6572680473327637,"y":0.5432071685791016,"z":0.11247134208679199},"rotation":{"x":0.0838562548160553,"y":0.42149391770362856,"z":0.039180874824523929,"w":-0.9020952582359314},"size":4.957884311676025,"orthographic":false}