{"cameraMode":{"drawMode":0,"name":"Shaded","section":"Shading Mode"},"sceneLighting":false,"audioPlay":false,"sceneViewState":{"showFog":true,"showMaterialUpdate":false,"showSkybox":false,"showFlares":true,"showImageEffects":true,"showParticleSystems":true},"in2DMode":false,"pivot":{"x":-0.054451316595077518,"y":0.5545756816864014,"z":-0.7717556953430176},"rotation":{"x":0.5703895092010498,"y":0.020198384299874307,"z":0.014032718725502491,"w":-0.8210060000419617},"size":1.8000571727752686,"orthographic":false}