{"cameraMode":{"drawMode":0,"name":"Shaded","section":"Shading Mode"},"sceneLighting":false,"audioPlay":false,"sceneViewState":{"showFog":true,"showMaterialUpdate":false,"showSkybox":false,"showFlares":true,"showImageEffects":true,"showParticleSystems":true},"in2DMode":false,"pivot":{"x":-0.000060133927036076784,"y":0.00003668034332804382,"z":-0.00946044921875},"rotation":{"x":0.5703895688056946,"y":0.020198386162519456,"z":0.014032719656825066,"w":-0.8210060596466065},"size":0.00035962843685410917,"orthographic":false}