{"cameraMode":{"drawMode":0,"name":"Shaded","section":"Shading Mode"},"sceneLighting":true,"audioPlay":false,"sceneViewState":{"showFog":true,"showMaterialUpdate":false,"showSkybox":true,"showFlares":true,"showImageEffects":true,"showParticleSystems":true},"in2DMode":false,"pivot":{"x":-276.3393249511719,"y":1010.6497802734375,"z":957.71240234375},"rotation":{"x":0.002682412276044488,"y":0.07702025771141052,"z":0.0002071411145152524,"w":-0.9970259070396423},"size":2786.03759765625,"orthographic":false}